{"Fid":"e6-CI2GAQw2h8PABwMLNLT","Status":3,"AuthToken":"eyJhbGciOiJFUzI1NiIsInR5cCI6IkpXVCJ9.eyJhcHBJZCI6IjE6NjM2ODEzODMyNjYyOmFuZHJvaWQ6NmVlMWZhZWNlZGIzYjFkYmZjNzQ3NyIsImV4cCI6MTc1Njc5MTA2NiwiZmlkIjoiZTYtQ0kyR0FRdzJoOFBBQndNTE5MVCIsInByb2plY3ROdW1iZXIiOjYzNjgxMzgzMjY2Mn0.AB2LPV8wRgIhAIME1hmboMeMHH6fOxhOmo_s4iVaVaTA8mCbu1DyU-1CAiEAmz2mbAB5qlSQUZIEn0o8jQcikiJHAVxvIctjvfeEvVs","RefreshToken":"3_AS3qfwIDEq5D6g4NZ_9io5j1p7_P2RHI7Fw2W1JkDMZud2y6HO37csaLVJWPuh_NEpnidMnw_JV2p7bmzRnuFiT1SgTBxx4CadUfOCp6YL_SnNc","TokenCreationEpochInSecs":1756186266,"ExpiresInSecs":604800}