<?xml version='1.0' encoding='utf-8' standalone='yes' ?>
<map>
    <string name="prev_event_name">af_content_view</string>
    <long name="prev_event_timestamp" value="1756482365493" />
    <int name="appsFlyerInAppEventCount" value="2" />
    <long name="prev_session_dur" value="1" />
    <string name="afUninstallToken">e6-CI2GAQw2h8PABwMLNLT:APA91bFeBm9gptHv82iXpHMesDBkenHuaFpz4TYC1WW6HErv7UhLKqchVAWMVz_eNgdDOkNkFiKTvohVKhF31ESsRHBqhXXIcguoyxb6NC9nDu8SFaB-xjA</string>
    <boolean name="ddl_sent" value="true" />
    <long name="af_rc_max_age" value="86400" />
    <string name="sentSuccessfully">true</string>
    <string name="af_remote_config">eyJmZWF0dXJlcyI6e30sInZlciI6ImRlZmF1bHQudjEuMTYzNzE0OTUyOSJ9</string>
    <int name="versionCode" value="240011313" />
    <string name="savedProperties">{&quot;uid&quot;:&quot;1756186265120-8259169135526349594&quot;,&quot;waitForCustomerId&quot;:&quot;false&quot;,&quot;AppUserId&quot;:&quot;124484439&quot;}</string>
    <string name="AF_INSTALLATION">1756186265120-8259169135526349594</string>
    <boolean name="afUninstallToken_queued" value="false" />
    <int name="appsFlyerCount" value="8" />
    <long name="af_rc_timestamp" value="1756482348859" />
    <long name="AppsFlyerTimePassedSincePrevLaunch" value="1756482349512" />
    <boolean name="newGPReferrerSent" value="true" />
    <string name="first_launch">{&quot;net&quot;:1785,&quot;from_fg&quot;:554,&quot;start_with&quot;:&quot;activity&quot;,&quot;init_to_fg&quot;:421}</string>
    <string name="appsFlyerFirstInstall"></string>
    <long name="afUninstallToken_received_time" value="1756186269523" />
</map>
