<?xml version='1.0' encoding='utf-8' standalone='yes' ?>
<map>
    <string name="Redmi/evergo_in/evergo:13/TP1A.220624.014/V816.0.1.0.TGBINXM:user/release-keys;1.13.13">e65e224e6b18ff5d354c42a75a3a309e</string>
    <string name="deviceIdHash">130e5985-7220-4663-b2f7-abfdc31903cc</string>
    <string name="TECNO/KI7-GL/TECNO-KI7:13/TP1A.220624.014/240814V5181:user/release-keys;1.13.13">111d896140c626c4254f4e9c0216fe4f</string>
    <string name="LAST_SAVED_LOCALE">en</string>
    <int name="AppMinSdkVersion" value="24" />
</map>
